,precision,recall,f1-score,support
baiting,1.0,0.6875,0.8148148148148148,16.0
malware,1.0,0.875,0.9333333333333333,16.0
non-malicious,0.7906976744186046,1.0,0.8831168831168831,34.0
phishing,0.8333333333333334,0.8695652173913043,0.851063829787234,23.0
pretexting,1.0,0.875,0.9333333333333333,16.0
scareware,1.0,0.95,0.9743589743589743,20.0
accuracy,0.896,0.896,0.896,0.896
macro avg,0.9373385012919897,0.8761775362318841,0.8983368614574289,125.0
weighted avg,0.9124031007751938,0.896,0.8959306024157089,125.0
