Experiment,Model,Accuracy,Precision,Recall,F1-score
With SMOTE,Logistic Regression,0.92,0.9279276622929874,0.9116847826086957,0.9180460519170196
With SMOTE,Linear SVM,0.92,0.929470931115668,0.9085144927536232,0.9169997741644083
