Experiment,Model,Accuracy,Precision,Recall,F1-score
Without SMOTE,Logistic Regression,0.896,0.9373385012919897,0.8761775362318841,0.8983368614574289
Without SMOTE,Linear SVM,0.912,0.9172775689223057,0.9012681159420289,0.9076047486403506
