Experiment,Model,Accuracy,Precision,Recall,F1-score
Without SMOTE,Logistic Regression,0.896,0.9373385012919897,0.8761775362318841,0.8983368614574289
Without SMOTE,Linear SVM,0.912,0.9172775689223057,0.9012681159420289,0.9076047486403506
With SMOTE,Logistic Regression,0.92,0.9279276622929874,0.9116847826086957,0.9180460519170196
With SMOTE,Linear SVM,0.92,0.929470931115668,0.9085144927536232,0.9169997741644083
